Title,Year,Age,IMDB,Rotten Tomatoes
Attack on Titan,2013,16+,8.8,94%
Fullmetal Alchemist: Brotherhood,2009,18+,9.1,100%
Community,2009,7+,8.5,88%
Parks and Recreation,2009,16+,8.6,93%
Twin Peaks,1990,18+,8.8,89%
One-Punch Man,2015,16+,8.8,100%
The Good Place,2016,16+,8.2,97%
Grey's Anatomy,2005,16+,7.6,83%
Arrested Development,2003,16+,8.7,75%
How to Get Away with Murder,2014,16+,8.1,88%
Family Guy,1999,18+,8.1,71%
Pretty Little Liars,2010,16+,7.4,81%
The Twilight Zone,1959,7+,9,82%
Star Trek: The Next Generation,1987,7+,8.6,89%
The Good Wife,2009,16+,8.3,94%
Death Note,2006,18+,9,
Burn Notice,2007,7+,7.9,88%
American Horror Story,2011,18+,8,
Star Trek,1966,7+,8.3,80%
Good Girls,2018,16+,7.9,87%
Mushi-Shi,2005,16+,8.5,100%
Hunter x Hunter,2011,16+,8.9,
Naruto,2002,7+,8.3,
Star Trek: Deep Space Nine,1993,7+,7.9,90%
Law & Order: Special Victims Unit,1999,16+,8,
Mystery Science Theater 3000,1988,7+,8.5,80%
Star Trek: Voyager,1995,7+,7.8,77%
Bleach,2004,18+,8.1,
Haikyu!!,2014,16+,8.7,
Soul Eater,2008,16+,7.8,100%
Merlin,2008,7+,7.9,
Absolutely Fabulous,1992,16+,8.1,96%
Malcolm in the Middle,2000,7+,8,
Case Closed,1996,16+,8.4,
Fairy Tail,2009,16+,8,
Pokémon,1997,7+,7.5,
Cheers,1982,7+,7.8,
Star Trek: Enterprise,2001,7+,7.5,50%
JoJo's Bizarre Adventure,2012,18+,8.4,
ERASED,2016,16+,8.5,
Rurouni Kenshin,1996,16+,8.5,
InuYasha,2000,16+,7.9,
Descendants of the Sun,2016,16+,8.4,
Your Lie in April,2014,7+,8.6,
Ancient Aliens,2010,7+,7.3,
Sword Art Online,2012,16+,7.6,
Parasyte -the maxim-,2014,18+,8.4,
Private Practice,2007,16+,6.6,51%
Akame ga Kill!,2014,18+,7.9,
Rake,2010,16+,8.6,100%
H2O: Just Add Water,2006,all,7.2,
Black Butler,2008,16+,7.8,
Animaniacs,1993,all,7.9,
CSI: Miami,2002,16+,6.4,
My Little Pony: Friendship Is Magic,2010,7+,7.6,
Ouran High School Host Club,2006,16+,8.2,
The Curse of Oak Island,2014,7+,7,
Clannad,2007,7+,7.9,
We Bare Bears,2015,7+,7.9,
Vampire Knight,2008,16+,7.5,
Taken,2017,16+,6.6,32%
Forensic Files,1996,16+,8.8,
Magi,2012,16+,7.9,
Is It Wrong to Try to Pick Up Girls in a Dungeon?,2015,16+,7.4,
America's Funniest Home Videos,1989,7+,6.2,
Durarara!!,2010,16+,7.9,
Puella Magi Madoka Magica,2011,16+,8.3,
Maid Sama!,2010,16+,8,
Boys Over Flowers,2009,16+,8,
Fate/stay night [Unlimited Blade Works],2014,18+,8,
Fate/stay night,2006,18+,7.4,
Yu-Gi-Oh!,1998,,7.9,
Blue Exorcist,2011,16+,7.5,
K-ON!,2009,16+,7.6,
"Drugs, Inc.",2010,16+,7.8,
"Love, Chunibyo & Other Delusions",2012,16+,7.4,
The Cleveland Show,2009,16+,5.5,
Monthly Girls' Nozaki-kun,2014,7+,7.7,
The Code,2014,,7.4,
Offspring,2010,16+,8.2,
Billy on the Street,2011,16+,7.7,
Cold Case Files,1999,18+,8,
Sonic x,2003,16+,6.1,
Girls und Panzer,2012,16+,7.5,
Hoarders,2009,7+,6.4,
Champions,2018,7+,6,63%
Sword Art Online Alternative: Gun Gale Online,2018,16+,6.8,
Hellevator,2015,18+,6,
"Acero, Woman of Steel",2014,16+,7.2,
Ultraviolet,2017,18+,7,
Hangar 1: The UFO Files,2015,7+,7.4,
Marlon,2017,7+,7,
The Dick Van Dyke Show,1961,all,6.8,
Pocoyo,2005,all,7.5,
Skin Wars,2014,16+,7.1,
Dueños del Paraíso,2015,16+,7.1,
Great British Menu,2006,,7.3,
Nazi Megastructures,2013,all,8,
El Clon,2000,,6.8,
Yu-Gi-Oh! Arc-V,2014,7+,6.2,
America's Book of Secrets,2012,7+,7,
Fated to Love You,2008,7+,7.4,
The Bachelor,2002,16+,3.2,
Rabbids Invasion,2013,7+,5,
Chuggington,2008,all,5.9,
Steampunk'd,2015,,5.8,
Nura: Rise of the Yokai Clan,2010,,7.6,
Oddbods,2015,7+,6.3,
Yu-Gi-Oh! Zexal,2011,7+,4.8,
Inside the Criminal Mind,2018,18+,5.4,
LEGO Friends,2012,all,5.2,
The New Adventures of Figaro Pho,2015,all,7.1,
Monster Fish,2007,,6.7,
The Rap Game,2016,7+,5.3,
Jack Hanna's Into the Wild,2007,,7.7,
Polly Pocket,2018,7+,6.4,
Corazón Valiente,2017,,,
Pororo the Little Penguin,2003,all,5.8,
Tayo the Little Bus,2010,,5.5,
Rick and Morty,2013,18+,9.2,94%
Fargo,2014,18+,8.9,96%
Vikings,2013,18+,8.5,93%
Brooklyn Nine-Nine,2013,16+,8.4,97%
The Simpsons,1989,7+,8.7,85%
Lost,2004,16+,8.3,85%
Prison Break,2005,16+,8.3,60%
Modern Family,2009,16+,8.4,86%
Firefly,2002,16+,9,85%
Seinfeld,1989,7+,8.8,88%
It's Always Sunny in Philadelphia,2005,18+,8.8,96%
Killing Eve,2018,16+,8.3,90%
South Park,1997,18+,8.7,81%
How I Met Your Mother,2005,16+,8.3,83%
Futurama,1999,16+,8.4,95%
The Handmaid's Tale,2017,18+,8.5,88%
Sons of Anarchy,2008,18+,8.6,87%
Gravity Falls,2012,7+,8.9,100%
What We Do in the Shadows,2019,18+,8.4,97%
Archer,2009,18+,8.6,91%
This Is Us,2016,16+,8.7,92%
Pride and Prejudice,1995,all,8.9,88%
Justified,2010,18+,8.6,97%
Scrubs,2001,7+,8.3,83%
The X-Files,1993,16+,8.6,75%
My Hero Academia,2016,16+,8.5,100%
Adventure Time,2010,7+,8.6,100%
24,2001,16+,8.3,86%
White Collar,2009,16+,8.2,96%
Friday Night Lights,2006,7+,8.7,97%
Mr. Bean,1990,all,8.5,100%
Buffy the Vampire Slayer,1997,7+,8.2,82%
Bob's Burgers,2011,16+,8.1,91%
30 Rock,2006,16+,8.2,85%
Legion,2017,16+,8.3,91%
Elementary,2012,16+,7.9,95%
Taboo,2017,16+,8.4,76%
Atlanta,2016,18+,8.6,97%
The Shield,2002,18+,8.7,90%
Normal People,2020,,8.8,83%
The Office,2001,16+,8.5,96%
Black Books,2000,7+,8.5,100%
Naruto Shippūden,2007,7+,8.6,
09-01-2001,2018,16+,7.7,81%
Misfits,2009,18+,8.2,92%
Veronica Mars,2004,16+,8.3,92%
11.22.63,2016,18+,8.2,80%
Frasier,1993,7+,8,93%
Line of Duty,2012,18+,8.6,97%
Bones,2005,16+,7.8,90%
Steins;Gate,2011,16+,8.8,100%
The Killing,2011,18+,8.2,69%
The Good Doctor,2017,16+,8.2,
Preacher,2016,18+,8,87%
The Orville,2017,16+,8,65%
Peep show,2003,18+,8.6,96%
Desperate Housewives,2004,7+,7.4,72%
RuPaul's Drag Race,2009,16+,8.5,83%
Battlestar Galactica,2004,16+,8.6,82%
Over the Garden Wall,2014,7+,8.8,88%
Revenge,2011,16+,7.8,69%
Tokyo Ghoul,2014,18+,7.9,100%
Superstore,2015,16+,7.8,92%
Lie to Me,2009,16+,8,78%
One Piece,1999,7+,8.7,
Spaced,1999,18+,8.6,100%
12 Monkeys,2015,16+,7.7,88%
Blue Bloods,2010,16+,7.5,91%
Devs,2020,18+,7.8,81%
The Rookie,2018,16+,8.1,68%
DAVE,2020,18+,8.4,62%
Younger,2015,16+,7.8,99%
Food Wars! Shokugeki no Soma,2015,18+,8.3,
Smallville,2001,7+,7.4,78%
Dirk Gently's Holistic Detective Agency,2016,16+,8.3,85%
Broad City,2014,18+,8.4,99%
Workaholics,2011,18+,8.1,86%
Dead Like Me,2003,16+,8.1,87%
Nathan For You,2013,16+,8.8,97%
Angel,1999,7+,7.9,88%
Timeless,2016,7+,7.7,91%
Castle Rock,2018,18+,7.6,87%
Fresh Off the Boat,2015,7+,7.8,94%
You're the Worst,2014,18+,8.1,95%
The Affair,2014,18+,7.9,86%
Elfen Lied,2004,18+,8,100%
The Last Ship,2014,16+,7.5,83%
Everybody Hates Chris,2005,7+,7.4,95%
Raising Hope,2010,16+,8,96%
Boston Legal,2004,16+,8.4,86%
Cowboy Bebop,1998,18+,8.9,
The Terror,2018,18+,8,87%
Stargate SG-1,1997,7+,8.4,
Future Man,2017,18+,7.8,91%
Inside No. 9,2014,18+,8.5,100%
Zoey's Extraordinary Playlist,2020,16+,8.1,74%
The Strain,2014,18+,7.3,79%
The Venture Bros.,2004,18+,8.5,92%
Demon Slayer: Kimetsu no Yaiba,2019,18+,8.8,
The League,2009,18+,8.2,81%
Parenthood,2010,7+,8.2,88%
Samurai Champloo,2004,18+,8.5,88%
Mrs. America,2020,18+,7.5,96%
Marvel's Runaways,2017,16+,7,87%
Please Like Me,2013,18+,8.5,100%
My Name Is Earl,2005,16+,7.7,82%
Little Fires Everywhere,2020,18+,7.7,77%
The Act,2019,18+,8,89%
Dollhouse,2009,16+,7.7,72%
Southland,2009,16+,8.4,87%
Dragon Ball,1986,16+,8.5,
Damages,2007,18+,8.1,91%
Looking for Alaska,2019,18+,8.1,92%
American Dad!,2005,16+,7.3,
Legend of the Seeker,2008,16+,7.6,42%
The Exorcist,2016,16+,8.1,89%
Awkward.,2011,16+,7.5,78%
Brockmire,2017,18+,8.1,98%
High Fidelity,2020,18+,7.6,85%
Better Things,2016,7+,7.7,97%
Happy Endings,2011,16+,7.7,78%
Fear the Walking Dead,2015,18+,6.9,73%
TRIGUN,1998,7+,8.3,100%
In the Flesh,2013,18+,8,97%
The Bridge,2011,18+,8.6,
Chicago P.D.,2014,16+,8.1,
Better Off Ted,2009,7+,8.2,89%
The Gifted,2017,16+,7.4,79%
Lethal Weapon,2016,16+,7.9,89%
The Last Man on Earth,2015,16+,7.3,84%
Chicago Fire,2012,16+,7.9,
Sleepy Hollow,2013,16+,7.4,77%
Rescue Me,2004,18+,8.3,89%
Horace and Pete,2016,18+,8.5,96%
Snowfall,2017,18+,8,81%
Shadowhunters,2016,16+,6.6,76%
Top of the Lake,2013,18+,7.5,82%
Prime Suspect,1991,18+,8.4,100%
Deutschland,2015,18+,8.1,94%
Rizzoli & Isles,2010,16+,7.6,72%
Stargate Universe,2009,16+,7.6,70%
Key & Peele,2012,18+,8.3,97%
The Mighty Boosh,2004,16+,8.3,100%
Blindspot,2015,16+,7.4,
Stumptown,2019,16+,7.5,92%
The Mindy Project,2012,16+,7.4,86%
Empire,2015,16+,7.4,84%
Quantum Leap,1989,7+,8.1,
The Librarians,2014,16+,7.3,89%
The Middle,2009,7+,7.5,
The Resident,2018,16+,7.6,
Manifest,2018,16+,7.2,57%
Saturday Night Live,1975,16+,8.1,
Survivor,2000,7+,7.2,
Nip/Tuck,2003,18+,7.6,75%
New Amsterdam,2018,16+,8.1,34%
Hellsing Ultimate,2006,18+,8.3,80%
Steven Universe,2013,7+,8.2,
Drake & Josh,2004,7+,7.7,
Ugly Betty,2006,7+,6.5,97%
black-ish,2014,7+,7.1,91%
Marvel's Cloak & Dagger,2018,16+,6.7,87%
Wilfred,2011,18+,7.8,83%
Catch-22,2019,18+,7.8,84%
Stargate Atlantis,2004,7+,8.1,
M*A*S*H,1972,7+,8.4,
Invader Zim,2001,7+,8.3,100%
For Life,2020,16+,7.5,86%
Wayward Pines,2015,16+,7.4,61%
Sailor Moon,1992,16+,7.7,90%
Home Movies,1999,7+,8,100%
Mr Inbetween,2018,18+,8.3,95%
Mayans M.C.,2018,18+,7.5,86%
The Unit,2006,16+,8.1,84%
I Love Lucy,1951,all,8.4,
Nashville,2012,7+,7.7,90%
NYPD Blue,1993,18+,7.5,84%
Ramy,2019,18+,8,97%
Don't Trust the B---- in Apartment 23,2012,16+,7.3,85%
MythBusters,2003,7+,8.3,
The Goldbergs,2013,7+,8.1,
Letterkenny,2016,18+,8.7,
Cougar Town,2009,7+,6.9,89%
Regular Show,2010,7+,8.4,
Motherland: Fort Salem,2020,16+,6.9,58%
Bunheads,2012,16+,7.6,100%
CSI: Crime Scene Investigation,2000,16+,7.6,
One Tree Hill,2003,16+,7.6,
Afro Samurai,2007,18+,7.7,100%
Graceland,2013,16+,7.7,86%
Scream Queens,2015,16+,7.1,75%
Genius,2017,7+,8.4,70%
The Looming Tower,2018,18+,8,88%
The Promised Neverland,2019,18+,8.8,
Pinky and the Brain,1995,all,7.9,75%
Married... with Children,1987,7+,8,
Last Man Standing,2011,16+,7.6,
Emergence,2019,16+,7.2,94%
Terriers,2010,18+,8.4,92%
UnREAL,2015,18+,7.8,82%
Blackadder,1983,7+,8.1,
The Hitchhiker's Guide to the Galaxy,1981,7+,8,67%
Witches of East End,2013,16+,7.6,65%
The Wonder Years,1988,7+,8.3,
Robot Chicken,2005,18+,7.7,
Harlots,2017,18+,7.7,98%
Good Behavior,2016,16+,8.1,78%
The Golden Girls,1985,7+,7.9,
RuPaul's Drag Race All Stars,2012,16+,8.6,70%
Will & Grace,1998,16+,7.2,
The Outer Limits,1963,7+,8.2,91%
Salem,2014,18+,7.1,82%
The Hot Zone,2019,16+,7.3,90%
Baskets,2016,18+,7.5,92%
Make It or Break It,2009,16+,7.5,79%
The Great,2020,,7.8,81%
Sliders,1995,7+,7.4,
The Amazing World of Gumball,2011,7+,8.2,
A Million Little Things,2018,16+,7.9,53%
Man Seeking Woman,2015,18+,7.7,93%
Wu-Tang: An American Saga,2019,18+,8.3,80%
Ally McBeal,1997,16+,6.8,61%
Siren,2018,16+,7,
The Detour,2016,7+,7.7,90%
Kaguya-sama: Love is War,2019,16+,8.1,
My Mad Fat Diary,2013,16+,8.4,95%
High School DxD,2012,18+,7.6,
Face Off,2011,7+,8.2,
Mom,2013,16+,7.2,
Full House,1987,all,6.7,
ER,1994,16+,7.7,
PEN15,2019,18+,7.9,93%
Roseanne,1988,7+,7,76%
Touch,2012,7+,7.4,68%
Sesame Street,1969,all,8.1,
Hell's Kitchen,2005,16+,7.1,
Shark Tank,2009,7+,7.6,
The Baker and the Beauty,2020,7+,7.1,86%
The Amazing Race,2001,7+,7.6,
Daria,1997,16+,8,
War and Peace,2016,16+,8.2,
SIX,2017,18+,7.3,62%
Legit,2013,18+,8.2,96%
Star vs. the Forces of Evil,2015,7+,8,
The Brady Bunch,1969,all,6.7,77%
Chicago Med,2015,16+,7.5,
Ghost Adventures,2008,7+,7.5,
Body of Proof,2011,16+,7.1,76%
Roots,2016,16+,7.9,96%
Ghost Whisperer,2005,7+,6.3,
Digimon Adventure,1999,7+,7.3,
Whitechapel,2009,7+,7.9,75%
Tyrant,2014,18+,7.8,60%
Breeders,2020,18+,7.1,83%
Ben 10,2005,7+,7.2,
Alfred Hitchcock Presents,1955,16+,8.5,
Solar Opposites,2020,18+,8.2,
Everything's Gonna Be Okay,2020,16+,7,94%
Roswell,1999,16+,7.5,
Casual,2015,16+,7.5,92%
Psycho-Pass,2012,16+,8.2,
Boruto: Naruto Next Generations,2017,16+,7.1,
Battlestar Galactica,1978,7+,7.2,33%
Chance,2016,16+,7.7,75%
Shameless,2004,18+,8,
Yu Yu Hakusho,1992,16+,8.4,100%
Jane Eyre,2006,7+,8.3,
Dexter's Laboratory,1996,all,7.9,
WWE Raw,1993,7+,7.8,
Pretty Little Liars: The Perfectionists,2019,16+,7.1,100%
Greek,2007,16+,7.5,75%
Flashpoint,2008,16+,7.7,
The Wrong Mans,2013,18+,7.8,95%
Legends,2014,16+,7.5,56%
Black Clover,2017,16+,8,
Shrill,2019,18+,7.4,87%
Underground,2016,18+,7.7,96%
The Path,2016,18+,7.3,77%
Lodge 49,2018,16+,7.5,93%
King of the Hill,1997,7+,7.3,
Deadliest Catch,2005,7+,7.8,
Angie Tribeca,2016,16+,7,96%
Prodigal Son,2019,16+,8.2,54%
Single Parents,2018,7+,7,75%
S.W.A.T.,2017,16+,7,
Doc Martin,2004,7+,8.3,
Trust,2018,18+,7.5,78%
The Fairly OddParents,2001,all,7.2,
The Glades,2010,16+,7.5,59%
Top Chef,2006,16+,7.5,
10 Things I Hate About You,2009,16+,7.3,88%
Teenage Mutant Ninja Turtles,2012,7+,7.8,
Das Boot,2018,,7.3,85%
Hey Arnold!,1996,all,7.6,
NOS4A2,2019,16+,6.7,68%
Baby Daddy,2012,16+,7.3,
Happy Days,1974,7+,7.4,
Murdoch Mysteries,2008,7+,8.1,
Brothers and Sisters,2006,16+,7.3,
Alone,2015,16+,8.4,
Twisted,2013,16+,7.3,73%
Making It,2018,7+,7.9,100%
Queen Sugar,2016,16+,7.7,97%
Miranda,2009,7+,8.1,
Mary Kills People,2017,18+,7.5,100%
Leah Remini: Scientology and the Aftermath,2016,16+,9.1,
America's Next Top Model,2003,7+,5.5,
I Am the Night,2019,7+,7,74%
Holey Moley,2019,7+,6.7,91%
Kamisama Kiss,2012,7+,8.1,
Rascal Does Not Dream of Bunny Girl Senpai,2018,16+,8,
The Legend of the Blue Sea,2016,,8.1,
"Sabrina, the Teenage Witch",1996,all,6.6,
The Split,2018,,7.6,73%
Airwolf,1984,7+,6.7,
Bleak House,2005,16+,8.3,
American Housewife,2016,7+,7.3,
Monster Musume: Everyday Life with Monster Girls,2017,18+,6.7,
Claws,2017,18+,7.3,90%
Metalocalypse,2006,18+,8.2,
Highschool of the Dead,2010,18+,7.2,
The Musketeers,2014,16+,7.8,
The Eric Andre Show,2012,18+,8.6,
Noragami,2014,16+,7.9,
My Teen Romantic Comedy SNAFU,2013,16+,7.8,
The First 48,2004,18+,8.2,
Sealab 2021,2000,16+,7.9,74%
Deutschland 86,2018,,7.6,100%
Rugrats,1991,all,7.4,
Atlantis,2013,7+,6.6,62%
Reprisal,2019,18+,7.5,44%
The Event,2010,16+,7,67%
Danny Phantom,2004,7+,7.1,
Life in Pieces,2015,7+,8,
X-Men: Evolution,2000,7+,7.9,
Cardinal,2017,16+,7.7,
Spiral,2005,7+,8.5,
Good Luck Charlie,2010,all,7,
Overlord,2015,18+,7.8,
Pawn Stars,2009,7+,7.2,
American Gothic,1995,7+,8.1,67%
LEGO Masters,2020,7+,7.2,67%
Anthony Bourdain: No Reservations,2005,7+,8.4,
Dawson's Creek,1998,16+,6.6,
Taxi,1978,7+,7.6,
Bless This Mess,2019,7+,6.7,82%
Forged in Fire,2015,7+,8.4,
Schooled,2019,7+,6.9,73%
Robin of Sherwood,1984,,8.5,
Assassination Classroom,2015,16+,8,
The Mick,2017,16+,7.8,
Yu-Gi-Oh! GX,2004,all,6.7,
The League of Gentlemen,1999,18+,8.4,
Black Lagoon,2006,18+,8,
Silent Witness,1996,16+,7.8,
DARLING in the FRANXX,2018,16+,7.3,
Diabolik Lovers,2013,16+,5.3,
Numb3rs,2006,7+,6.9,
The Masked Singer,2019,7+,6.3,
Naked and Afraid,2013,16+,6.6,
Friday Night Dinner,2011,18+,8.1,
Fire Force,2019,7+,7.7,
Station 19,2018,16+,6.5,
The Future Diary,2011,18+,7.6,
Saved by the Bell,1989,all,7,
Breakout Kings,2011,16+,7.3,41%
The Ultimate Fighter,2005,16+,7.8,
Ergo Proxy,2006,16+,8,
Saving Hope,2012,16+,7.5,
The Bold Type,2017,16+,8,
Pitch,2016,16+,7.4,94%
How the Universe Works,2010,7+,9,
Dragon Ball GT,1996,7+,6.8,
The Long Road Home,2017,18+,7.5,77%
Crayon Shin-chan,1992,7+,7.9,
Intervention,2005,16+,7.9,
The Outer Limits,1995,18+,7.7,
Outsourced,2010,16+,7.5,20%
60 Days In,2016,16+,7.7,
Into the Dark,2018,18+,6.3,74%
Clique,2017,7+,7,100%
The Son,2017,16+,7.5,52%
Songland,2019,7+,7.7,67%
Lincoln Rhyme: Hunt for the Bone Collector,2020,16+,6.9,30%
Saving Grace,2007,18+,7.6,73%
90 Day Fiancé,2014,16+,6.3,
"Beverly Hills, 90210",1990,7+,6.3,
Darker than Black,2007,16+,7.7,
MasterChef,2010,16+,7.3,
This Country,2017,16+,8.5,96%
Kitchen Nightmares,2007,16+,7.4,
90 Day Fiancé: Before the 90 Days,2017,16+,6.7,
Remington Steele,1982,7+,7.2,
Tyler Perry's If Loving You Is Wrong,2014,16+,5.8,
Highlander: The Series,1992,16+,7.2,
Lark Rise to Candleford,2008,7+,8.1,
Catfish: The TV Show,2012,16+,7.1,
Agatha Christie's Marple,2004,16+,7.7,
Monogatari,2009,16+,8,
Project Runway,2004,16+,7.3,
The First,2018,18+,6.7,68%
9-1-1: Lone Star,2020,16+,6.4,
Sense and Sensibility,2008,16+,8,
Homicide Hunter: Lt Joe Kenda,2011,16+,8.8,
Seraph of the End,2015,16+,7.5,
Gangland Undercover,2015,16+,8.2,
Party of Five,1994,7+,6.8,
Devious Maids,2013,7+,7.8,
Digimon Tamers,2001,7+,7.7,
Drunk History,2013,16+,7.8,
The Penguins of Madagascar,2009,7+,7.6,
The Purge,2018,18+,6.4,42%
Survivorman,2004,7+,8.2,
Higurashi When They Cry,2006,18+,8,
Melissa & Joey,2010,7+,7,
River Monsters,2009,7+,8.2,
General Hospital,1963,7+,6.5,
Scott & Bailey,2011,7+,7.9,
Dollface,2019,,7.4,50%
Upstairs Downstairs,2010,7+,7.4,
Difficult People,2015,18+,7,95%
Apple Tree Yard,2017,18+,7.1,92%
Man vs. Wild,2006,7+,8.1,
Good Trouble,2019,16+,7.4,
While You Were Sleeping,2017,,8.4,
Mr. Pickles,2014,18+,7.3,
Log Horizon,2013,16+,7.7,
DCI Banks,2011,18+,7.6,
Prisoners of War,2010,,8.4,100%
The Fades,2011,18+,7.8,
The Firm,2012,16+,7,39%
Fruits Basket,2019,7+,8.3,
Adam-12,1968,7+,7.5,
Kenichi The Mightiest Disciple,2006,16+,8.2,
The Joy of Painting,1983,all,9.4,
Gold Rush,2011,7+,7.3,
Lupin the Third,1971,16+,7.9,
McLeod's Daughters,2001,16+,7.2,
Hill Street Blues,1981,16+,8.1,
Brickleberry,2012,18+,7.4,
The Tonight Show Starring Jimmy Fallon,2014,16+,7.3,
Jeopardy!,1964,all,8.2,
Family Matters,1989,all,6.5,
Foster's Home for Imaginary Friends,2004,7+,7.6,
National Treasure,2016,16+,7.4,91%
Kojak,1973,16+,7.1,
Time After Time,2017,16+,6.7,67%
Star,2016,16+,6.6,
The Marvelous Misadventures of Flapjack,2008,7+,7.8,
Expedition Unknown,2015,7+,8.2,
I'm Dying Up Here,2017,18+,7.4,51%
Fixer Upper,2013,all,8.3,
The Familiar of Zero,2006,16+,7.1,
The Voice,2011,7+,6.5,
Wings,1990,7+,7.2,
The Cool Kids,2018,16+,7,65%
The Pink Panther Show,1964,all,7.6,
The Guardian,2001,7+,7.4,
The Conners,2018,7+,5.3,89%
Garfield and Friends,1988,7+,7.3,
New Tricks,2003,16+,7.8,
Wolfblood,2013,7+,7.7,
Fast N' Loud,2012,16+,7.5,
A.N.T. Farm,2011,all,5,
Shiki,2010,18+,7.7,
Real Humans,2012,16+,7.9,
What's Wrong with Secretary Kim,2018,all,8.1,
Land of Honor,2014,16+,7.9,
Banished,2015,18+,7.4,
Samantha Who?,2007,7+,7.3,77%
The Powerpuff Girls,1998,7+,7.2,
Being Erica,2009,16+,7.5,
False Flag,2015,,7.8,
Dark Shadows,1966,7+,7.5,
"Diners, Drive-Ins and Dives",2007,all,7.3,
Tyler Perry's The Haves and the Have Nots,2013,,6,
Shots Fired,2017,16+,6.4,84%
Four Weddings and a Funeral,2019,,7.1,43%
Second Chance,2016,16+,7.5,
K.C. Undercover,2015,all,6.1,
Doug,1991,all,7.4,
Detroit 1-8-7,2010,16+,7.6,83%
The Carmichael Show,2015,7+,7.6,86%
Spy,2011,7+,7.9,100%
24: Legacy,2017,16+,6.2,59%
Ranma ½,1989,16+,7.9,
Harrow,2018,,7.6,
Medium,2005,16+,6.9,
World of Dance,2017,7+,7,
Coronation Street,1960,7+,5.5,
How It's Made,2001,all,7.8,
Life Below Zero,2013,7+,8,
T@gged,2016,16+,7.3,
The Bob Newhart Show,1972,all,8.1,
The PJs,1999,16+,6.6,
Moone Boy,2012,16+,8.1,
Ghosted,2017,7+,6.2,59%
The Mary Tyler Moore Show,1970,7+,8.1,
Unsolved Mysteries,1987,7+,8.3,
The Practice,1997,16+,7.7,
Oh My Venus,2015,,7.8,
The Secret Life of the American Teenager,2008,16+,4.9,
Married at First Sight,2014,16+,6.3,
American Ninja Warrior,2009,7+,6.8,
House Hunters,1999,all,8.2,
Little Britain,2003,18+,7.6,
American Pickers,2010,7+,7,
Sailor Moon Crystal,2014,16+,7.9,
Chowder,2007,7+,7.3,
mixed-ish,2019,7+,6.2,80%
Thief,2006,18+,7.5,81%
Nightwatch,2015,16+,8.9,
Dirty Sexy Money,2007,16+,7.2,68%
Big Time Rush,2009,all,6.2,
Snow White with the Red Hair,2015,16+,7.8,
The Three Stooges,1934,all,8.6,
RuPaul's Drag Race: Untucked,2010,16+,7.9,
The Lord of the Skies,2013,16+,6.8,
Deputy,2020,16+,6.1,40%
Eli Stone,2008,7+,7.6,60%
Penn & Teller: Bullshit!,2003,18+,8.2,
Shark,2006,16+,7.1,52%
Mistresses,2013,16+,7.1,
Murder in the First,2014,18+,7.2,
Shut Eye,2016,18+,7.4,43%
Chopped,2009,all,7.5,
Teen Titans Go!,2013,7+,5.2,
Running Wild with Bear Grylls,2014,7+,7.7,
The Thundermans,2013,all,5.7,
Horrible Histories,2009,7+,8.8,
Space Dandy,2014,16+,8.1,83%
Fosse/Verdon,2019,18+,7.9,81%
The Story of Film: An Odyssey,2011,,8.5,
The Adventures of Jimmy Neutron: Boy Genius,2002,all,6.7,
Kimi ni Todoke: From Me to You,2009,7+,7.8,
Diff'rent Strokes,1978,all,6.6,
Blue Spring Ride,2014,,7.4,
Full Metal Panic!,2002,16+,7.6,
Dance Moms,2011,7+,4.6,
GameFace,2017,,7.7,83%
The Rifleman,1958,7+,8.3,
Light as a Feather,2018,16+,6.6,44%
The Greatest American Hero,1981,7+,7.3,
Speechless,2016,7+,7.6,
St. Elsewhere,1982,7+,7.8,
Travel Man: 48 Hours in...,2015,7+,8.3,
The Incredible Dr. Pol,2011,7+,8.6,
Street Outlaws,2013,7+,6.7,
Stan Against Evil,2016,18+,7.3,
The Dead Files,2011,7+,6.8,
Bluestone 42,2013,16+,8,
Persona 4 The Animation,2011,7+,7.6,
American Idol,2002,7+,4.1,68%
Look Around You,2002,7+,8.4,
D.Gray-man,2006,16+,7.7,
Braquo,2009,7+,8,
Jeremiah,2002,18+,7,
Spice and Wolf,2008,16+,8,
X Company,2015,16+,7.7,
Almost Family,2019,16+,6.3,24%
Bakuman,2010,16+,8,
Fruits Basket,2001,7+,7.9,
Dharma & Greg,1997,16+,6.3,
Blood Blockade Battlefront,2015,18+,7.2,
Man v. Food,2008,all,7.3,
Storage Wars,2010,7+,6.4,
World Trigger,2014,16+,7.5,
Reba,2001,7+,6.5,
Haven't You Heard? I'm Sakamoto,2016,16+,7.2,
SHIMONETA: A Boring World Where the Concept of Dirty Jokes Doesn't Exist,2015,18+,7.1,
Beyond Scared Straight,2011,18+,7.3,
The Fall Guy,1981,7+,7.1,
Toriko,2011,7+,7.3,
Pasión Prohibida,2013,,8.4,
How Not to Summon a Demon Lord,2018,18+,7,
Gordon Ramsay's 24 Hours to Hell and Back,2018,16+,7.3,
Lip Service,2010,18+,7.4,
Find Me in Paris,2018,all,7.3,
Rev.,2010,16+,7.9,
Rosario + Vampire,2008,18+,7,
The Riches,2007,18+,7.8,
The Beverly Hillbillies,1962,all,7.1,
Zac & Mia,2017,16+,8.1,
Step by Step,1991,all,6.5,
Outnumbered,2007,7+,8,
The Accident,2019,,6,92%
Dimension 404,2017,7+,6.6,80%
Laverne & Shirley,1976,all,6.9,
The Most Dangerous Animal of All,2020,16+,6.2,73%
The Kennedys,2011,18+,7.6,
Him & Her,2010,16+,7.8,
Un village français,2009,,8.3,
Alone Together,2018,16+,6.3,62%
Love Stage!!,2014,18+,7.3,
Burden of Truth,2018,16+,7.2,
Tiny Toon Adventures,1990,all,7.5,
Inside Amy Schumer,2013,18+,6,86%
The White Shadow,1978,,8,
WWE NXT,2010,7+,7.7,
Your Pretty Face Is Going to Hell,2013,18+,7.7,
The Incredible Hulk,1978,7+,7,
The Biggest Loser,2004,7+,5.4,
Dice,2016,18+,7.4,33%
Good Bones,2015,,7.3,
Yona of the Dawn,2014,16+,8.1,
Dates,2013,,7.5,88%
Duncanville,2020,16+,5.6,89%
Bluff City Law,2019,16+,6.8,36%
MEGALOBOX,2018,16+,7.8,
Rosewood,2015,16+,6.7,9%
20/20,1978,,6.6,
Hellsing,2001,16+,7.9,
Infinite Stratos,2011,18+,6.7,
Plastic Memories,2015,16+,7.3,
Midnattssol,2016,7+,7.5,
Intruders,2014,16+,6.7,39%
Bad Banks,2018,7+,8,
WWE Friday Night SmackDown,1999,7+,7.3,
Melrose Place,1992,16+,5.8,
To Love-Ru,2008,18+,6.9,
Locked Up Abroad,2006,16+,8.2,
Wiseguy,1987,7+,7.8,
Graves,2016,18+,6.5,50%
Popeye the Sailor,1960,all,7.1,
Perfect Harmony,2019,7+,6.6,62%
City Homicide,2001,,7.4,
Hillary,2020,18+,5.9,77%
Mountain Men,2012,7+,7.3,
Baywatch,1989,7+,5.3,
MasterChef Junior,2013,all,6.7,
Property Brothers,2011,all,7.2,
The Odd Couple,2015,7+,6.4,
Kingdom,2007,,7.9,
Guilty Crown,2011,16+,7.1,
A Certain Scientific Railgun,2009,16+,7.5,
Mister Ed,1961,all,7,
Sonic Boom,2014,7+,7,
Cardfight!! Vanguard,2011,16+,7.2,
The Bastard Executioner,2015,18+,6.2,47%
Clarence,2014,7+,6.5,
Utopia Falls,2020,7+,4.9,43%
Dual Survival,2010,16+,7.5,
Alias Smith and Jones,1971,7+,7.6,
House Hunters International,2006,all,7,
Danganronpa: The Animation,2013,18+,6.9,
Naked and Afraid XL,2015,16+,7.3,
Ben 10: Omniverse,2012,7+,5.7,
The Qwaser of Stigmata,2010,18+,5.5,
Haganai: I Don't Have Many Friends,2011,18+,7.2,
American Gladiators,1989,7+,6.5,
OK K.O.! Let's Be Heroes,2017,7+,7.1,
The Real Housewives of Beverly Hills,2010,16+,4.8,
Silk Stalkings,1991,16+,6.5,
Packed to the Rafters,2008,18+,7.4,
Damien,2016,16+,6.9,11%
Taggart,1983,18+,7.2,
The Asterisk War,2015,16+,6.8,
Hard Sun,2018,18+,6.6,48%
Justice League Action,2016,7+,7.7,
Some Girls,2012,16+,7.6,
Perfect Strangers,1986,7+,7.2,
Lost in Space,1965,all,7.2,
The Game,2006,16+,6.7,
Love Island,2015,,5.1,
America's Got Talent,2006,7+,5.8,
Ironside,1967,7+,6.9,
Deadbeat,2014,16+,7.5,
Cutthroat Kitchen,2013,all,7.2,
The Fruit of Grisaia,2014,18+,7.1,
Whose Line Is It Anyway? (UK),1988,7+,8.2,
Chivalry of a Failed Knight,2015,18+,7.4,
Alaska: The Last Frontier,2011,16+,7.7,
Married,2014,18+,7,56%
Every Witch Way,2014,7+,5,
Baghdad Central,2020,,7.1,88%
Living Single,1993,7+,7.3,
Clannad After Story,2009,7+,8.6,
Just Between Lovers,2017,,8,
Grimgar of Fantasy and Ash,2016,16+,7.5,
Wallander,2005,,7.6,
Deadly Women,2005,16+,8,
Fear Factor,2001,7+,5.6,
My Life as a Teenage Robot,2003,all,7,
Vanderpump Rules,2013,16+,5.4,
The Last Alaskans,2015,18+,8.5,
This Way Up,2019,,7.7,93%
D.Gray-man Hallow,2016,16+,7.7,
My 600-lb Life,2012,16+,6.6,
WATAMOTE,2013,16+,7.3,
My Love Story!!,2015,7+,7.8,
Love Island Australia,2018,18+,5.4,
"Doogie Howser, M.D.",1989,7+,6.5,
grown-ish,2018,16+,6.4,
Devil May Cry,2007,18+,7.1,
The Four: Battle for Stardom,2018,,4.1,17%
All Saints,1998,16+,7,
Bring It!,2014,7+,6.6,
Beck,1997,,7.4,
Maken-Ki! Battling Venus,2011,18+,6.2,
Designing Women,1986,7+,7,
Kämpfer,2009,18+,6.2,
Hunter,1984,7+,6.8,
Worst Cooks in America,2010,all,6.4,
Barbarians Rising,2016,18+,7.8,
Cake Boss,2009,7+,6.6,
Bering Sea Gold,2012,all,6.6,
The Real Housewives of New York City,2008,16+,4.3,
Itazura na Kiss,2008,,7.5,
Aesthetica of a Rogue Hero,2012,18+,7.2,
Mysteries at the Museum,2010,7+,8.1,
Blood Lad,2013,16+,7.1,
7th Heaven,1996,7+,5.2,
Voyage to the Bottom of the Sea,1964,7+,7.2,
Reef Break,2019,7+,5.9,33%
The Dana Carvey Show,1996,,7.3,80%
Primeval: New World,2012,16+,6.5,
Pramface,2012,16+,7.6,
Classroom of the Elite,2017,16+,7.4,
The Slap,2015,16+,7.6,67%
The Moodys,2019,16+,6.6,62%
Dietland,2018,16+,6.4,81%
Son of Zorn,2016,16+,6.7,58%
Buzzfeed Unsolved: Supernatural,2016,,8.7,
Devils Line,2018,18+,6.8,
Say Yes to the Dress,2007,7+,5.6,
Father Knows Best,1954,all,7.4,
Beyond the Boundary,2013,16+,7.3,
BuzzFeed Unsolved - True Crime,2016,,8.9,
Marido en Alquiler,2013,,8.4,
Hollywood Game Night,2013,7+,7.3,
Dog with a Blog,2012,all,4.8,
Disappeared,2010,16+,8,
Party of Five,2020,,5.3,
Date a Live,2013,18+,7,
Total Divas,2013,16+,6.5,
Golden Time,2013,16+,7.5,
Bloom,2019,18+,6.6,
Hunter Street,2017,all,6.8,
Daniel Deronda,2002,,7.2,
Good Doctor,2013,,8.1,
90 Day Fiancé: Happily Ever After?,2016,16+,6.3,
Outmatched,2020,7+,5.6,22%
The Passing Bells,2014,,6.9,
Kingdom,2012,16+,8,
Wise Man’s Grandchild,2019,16+,6.7,
Blast of Tempest,2012,16+,7.6,
The Bachelorette,2003,16+,3.4,62%
Swamp People,2010,7+,6.3,
Undercover Boss,2010,7+,5.8,
Doc McStuffins,2012,all,6.7,
Dante's Cove,2005,18+,6,
Axe Cop,2013,18+,7.4,70%
The Smile Has Left Your Eyes,2018,all,7.4,
Pure,2017,16+,7,
Zomboat!,2019,,6.9,
Kono Oto Tomare!: Sounds of Life,2019,7+,7.4,
Sex&Drugs&Rock&Roll,2015,16+,7.1,
OutDaughtered,2016,7+,7,
Accel World,2012,16+,7.2,
Project Runway All Stars,2012,7+,7,
School Rumble,2004,7+,7.8,
The Hills,2006,7+,3.5,52%
Slayers,1995,7+,7.5,
Keeping Up with the Kardashians,2007,16+,2.8,
Restaurant: Impossible,2011,all,6.8,
Love It or List It,2008,all,6.3,
East Los High,2013,16+,7,
Maison Close,2010,18+,6.7,
Total Bellas,2016,16+,5.8,
"Say ""I love you.""",2012,16+,7.4,
Dr. Pimple Popper,2018,16+,6.6,
"Good Morning, Miss Bliss",1988,all,6.8,
Bachelor in Paradise,2014,16+,5.2,
Three Sheets,2006,18+,8.2,
Paradox,2009,16+,7.1,
Guy's Grocery Games,2013,all,6.5,
Oreimo,2010,16+,6.5,
The Lowe Files,2017,7+,6.7,60%
Freakish,2016,16+,6.4,
The Next Step,2013,all,6,
The Driver,2014,16+,7,
Castaways,2018,,6.2,
The Real Housewives of New Jersey,2009,16+,4,
Good Eats: Reloaded,2018,all,8.8,
Butterfly,2018,,6.2,93%
The Electric Company,1971,all,8.1,
Tanked,2011,7+,6.6,
A Crime to Remember,2013,16+,8.3,
Air Gear,2006,18+,7.2,
Toilet-Bound Hanako-kun,2020,16+,7.5,
There's... Johnny!,2017,,7.2,83%
The Only Way Is Essex,2010,18+,3.1,
Quick Draw,2013,,7.6,
The Secret of Crickley Hall,2012,,6.9,
Curious George,2006,all,7.1,
Council of Dads,2020,7+,6.2,50%
The Real Housewives of Atlanta,2008,16+,4.3,
Iron Chef America,2005,all,7.1,
Black Bullet,2014,18+,7,
Mayo Chiki!,2011,18+,7.1,
Himouto! Umaru-chan,2015,16+,7,
"BOFURI: I Don’t Want to Get Hurt, so I’ll Max Out My Defense.",2020,16+,7.3,
Elena's Ghost,2015,16+,7.6,
Heathcliff,1984,7+,6.6,
Criminal Minds: Suspect Behavior,2011,16+,6.3,42%
Agent X,2015,16+,6.2,28%
An American Murder Mystery: The Staircase,2018,16+,7.5,
McHale's Navy,1962,all,7.4,
Trust Me,2017,,7,79%
Unexpected,2017,16+,5.8,
Astro Boy,1980,all,7.3,
Renegade,1992,,6,
Lincoln Heights,2007,7+,7.7,
ID: INVADED,2020,18+,7.7,
Black Jesus,2014,18+,6.9,
Melrose Place,2009,16+,6,60%
Is This a Zombie?,2011,16+,7.1,
The Comedians,2015,18+,6.7,58%
Celebrity Family Feud,2008,7+,6.1,
"I Love You, America",2017,18+,5.7,93%
Dragnet,1967,7+,7.5,
Battleground,2012,,7.9,73%
Wolf Girl & Black Prince,2014,16+,7.1,
Jumanji,1996,7+,6.4,
Hikaru no Go,2001,all,8.3,
Tim and Eric's Bedtime Stories,2014,18+,7.9,
Amagami SS,2010,7+,6.8,
Top Gear,2010,7+,5.3,
The Wine Show,2016,,8.9,
Arifureta: From Commonplace to World's Strongest,2019,16+,6.5,
No Activity,2017,18+,6.7,
The Food That Built America,2019,,8.4,
Little Women: LA,2014,16+,5.4,
Hetalia,2009,18+,7.4,
Attack on Titan: Junior High,2015,16+,6.6,
Hangin' with Mr. Cooper,1992,7+,6.4,
The F Word,2005,18+,6.9,
Jersey Shore,2009,16+,3.6,
The Commish,1991,16+,7.1,
Absolute Duo,2015,18+,6.5,
Kiri,2018,,6.6,89%
Prey,2014,16+,7.2,
The Bachelor Presents: Listen to Your Heart,2020,16+,5.2,
Weird Science,1994,,6.8,
Rick Steves' Europe,2000,all,8.4,
Baka and Test: Summon the Beasts,2010,7+,7.4,
Vanished,2006,18+,7,67%
The Circus,2016,16+,7.1,
Angels of Death,2018,18+,6.4,
Black Cat,2005,16+,7.1,
The Great Food Truck Race,2010,all,6.6,
Hollyoaks,1995,16+,4.7,
Archangel,2005,,6.5,
Blood-C,2011,18+,6.3,
Upper Middle Bogan,2013,16+,7.9,
"Nicky, Ricky, Dicky & Dawn",2014,all,5.1,
The New Woody Woodpecker Show,1999,all,6.5,
What Would You Do?,2008,7+,7.2,
Getting On,2009,16+,8.1,
The Lucy Show,1962,7+,7.2,
Big Windup!,2007,7+,7.6,
Love & Hip Hop Hollywood,2014,16+,5.2,
VanDread,2000,16+,7.1,
The Weekly,2019,18+,6.5,38%
Princess Tutu,2002,16+,8.1,
Plunderer,2020,16+,6.2,
James May's Man Lab,2010,,7.8,
Bedlam,2011,,6.6,44%
Second chance,2005,7+,6.9,
Born This Way,2015,7+,8.3,
Criminal Justice,2008,,7.8,
F*ck That's Delicious,2016,18+,8,
Unikitty,2017,7+,5.7,
Abandoned,2016,16+,8.4,
I Am Frankie,2017,all,6.1,
Fashion House,2006,18+,6.5,
Kids Baking Championship,2015,all,7,
Kono Yuusha ga Ore Tueee Kuse ni Shinchou Sugiru,2019,,7.4,
Bizarre Foods with Andrew Zimmern,2006,7+,7.8,
Young Hercules,1998,7+,5.8,
Little Big Shots,2016,all,7.2,
Unusual Suspects,2010,16+,7.6,
Bless the Harts,2019,16+,4.9,82%
Jimmy Kimmel Live!,2003,16+,6.6,
The Little Couple,2009,all,6.8,
The Beautiful Lie,2015,,7.3,
Extreme Ghostbusters,1997,7+,6.9,
Marriage Boot Camp: Reality Stars,2014,16+,4.5,
Cold Squad,1998,16+,6.9,
Space Brothers,2012,16+,8.1,
The Real Housewives of Orange County,2006,16+,4.1,
Corpse Princess,2008,7+,6.9,
Genius Junior,2018,all,7.5,
Astra Lost in Space,2019,16+,8,
The Dick Cavett Show,1968,,8.4,
Obsession: Dark Desires,2014,16+,7.4,
Hakuoki -Demon Of The Fleeting Blossom-,2010,18+,7.4,
Webster,1983,all,5.7,
Ellen's Game of Games,2017,7+,5.6,
Diesel Brothers,2016,16+,6.6,
Feed the Beast,2016,16+,6.7,23%
Handy Manny,2006,all,5.5,
Amagi Brilliant Park,2014,16+,7,
Coupling,2000,7+,3.6,
Treehouse Masters,2013,7+,7.3,
My Favorite Martian,1963,all,7.3,
The Strange Calls,2012,18+,7.4,
Are You Smarter Than a 5th Grader?,2007,7+,4.9,
Taken at Birth,2019,,8.3,
Monster Rancher,1999,7+,7.1,
Blue Dragon,2007,,6.3,
The Bisexual,2018,,6,92%
Yu-Gi-Oh! 5D's,2008,all,6.7,
Alvinnn!!! and The Chipmunks,2015,7+,4.5,
Little Women: Atlanta,2016,16+,5.1,
Beat Bobby Flay,2014,all,6.3,
Saints & Sinners,2016,16+,7.3,
Ask This Old House,2002,all,7.6,
The Dude Perfect Show,2016,7+,6.6,
頭文字D First Stage,1998,7+,8.4,
Bong Appétit,2016,16+,8,
Arliss,1996,,7,
Watch Over Me,2006,16+,6.4,
Rosa Diamante,2012,,8.3,
Seed,2013,18+,5.6,67%
Black Blood Brothers,2006,16+,7.1,
Heartstrings,2011,16+,7.2,
The Impostor,2014,,7.8,
Tiger & Bunny,2011,16+,7.4,
Behind Bars: Rookie Year,2015,16+,7.7,
The Wall,2016,7+,6,
Worth It,2016,,8.6,
Flip or Flop,2013,all,6.1,
L.A. Dragnet,2003,,7.1,
Insane Pools: Off the Deep End,2015,7+,7.2,
Sin tetas no hay paraíso,2008,18+,5.6,
Aria the Scarlet Ammo,2011,16+,6.8,
The Last Defense,2018,,7.3,
The Gumby Show,1955,all,7,
Still 17,2018,,7.8,
Witchblade,2006,18+,7.2,
Madeline,1993,all,6.9,
Ruyi's Royal Love in the Palace,2018,,7.6,
The Romeo Section,2015,16+,6.9,
The Wallflower,2006,16+,7.5,
Little Mosque on the Prairie,2007,7+,5.6,
Curiosity,2011,16+,7.8,
Who Wants to Be a Millionaire,2020,16+,6.1,
Anyone But Me,2009,16+,7.1,
Life and Death Row,2014,,8.3,
Matador,2014,16+,5.7,67%
Threesome,2011,18+,7.6,
Kung Fu Panda: Legends of Awesomeness,2011,7+,6.1,
Undefeated Bahamut Chronicle,2016,,6.5,
Conviction,2006,16+,7,
High School USA!,2013,18+,6.4,44%
Cults and Extreme Belief,2018,16+,7.7,
NASA's Unexplained Files,2012,all,6.7,
Sister Wives,2010,16+,4.3,
Hunderby,2012,16+,7.4,
Australia's Next Top Model,2005,,6,
Nanny and the Professor,1970,,7.1,
I Am Jazz,2015,7+,4.1,
Below the Surface,2017,,7.2,
"Rica, Famosa, Latina",2014,,5.5,
StarTalk with Neil deGrasse Tyson,2015,all,7.8,
Total Wipeout,2009,,6,
Breaking Amish,2012,,5,
Flying Witch,2016,all,7.2,
Flea Market Flip,2012,all,6.6,
No Activity,2015,18+,7.9,
I Spy,1965,,7.1,
You Bet Your Life,1947,,8.4,
The First 48 Presents: Homicide Squad Atlanta,2019,16+,8.5,
The Hotwives of Orlando,2014,16+,7.4,85%
Bleak House,1985,,7.4,
T.U.F.F. Puppy,2010,7+,5.6,
Sherman's Showcase,2019,18+,5.4,100%
Wild Things with Dominic Monaghan,2013,16+,8.4,
The Gong Show,1976,7+,7,
The Murder of Laci Peterson,2017,16+,7.4,
Casey Anthony: An American Murder Mystery,2017,16+,7.2,
Sherlock Holmes,1954,,7.7,
Cake,2019,18+,6,
Murder in the Heartland,2017,16+,7.8,
My Strange Addiction,2010,16+,5.7,
Food Network Star,2005,7+,6.3,
Boy Band,2017,,5.2,
Dream Corp LLC,2016,16+,7.1,
Astroblast!,2014,all,6.7,
Here's Lucy,1968,all,6.9,
1969,2019,,6.9,
Celia,2015,,8.2,
Too Cute,2011,7+,8.5,
Holiday Baking Championship,2014,all,7.5,
Senryu Girl,2019,7+,7,
Flirty Dancing,2019,7+,6.6,100%
Hidden Potential,2018,7+,7.3,
Our Cartoon President,2018,18+,5.1,
Cupcake Wars,2010,all,5.8,
Brothers Conflict,2013,16+,6.1,
Dancing with the Stars,2005,7+,4.4,
Lucas Bros Moving Co,2013,18+,7,
Harvey Beaks,2015,7+,7,
The Aliens,2016,,6,
Who The (Bleep) Did I Marry?,2010,7+,6.6,
Brave 10,2012,7+,6.6,
Mischief of the Gods,2014,16+,7.2,
Beautiful Bones: Sakurako’s Investigation,2015,18+,6.9,
Nightmare Next Door,2011,16+,7.1,
Food Paradise,2007,all,8,
The Tesla Files,2018,,7.3,
The Librarians,2007,,6.9,
The Ambition of Oda Nobuna,2012,16+,6.5,
Dagashi Kashi,2016,16+,6.2,
Blade Dance of Elementalers,2014,16+,6.7,
Caillou,1998,all,4.1,
Caribbean Life,2014,all,6.7,
Jodi Arias: An American Murder Mystery,2018,,7,
Indebted,2020,16+,4.3,25%
Long Island Medium,2011,7+,4.8,
Kino's Journey: The Beautiful World - The Animated Series,2017,18+,7.1,
Broken Angel,2013,7+,7.1,
Cockroaches,2015,,6.2,
Victoria's Secret Fashion Show,1999,18+,8.2,
Tiny House Hunters,2014,all,6.1,
Jeopardy! The Greatest of All Time,2020,7+,8.6,
Saved by the Bell: The College Years,1993,7+,6.3,9%
Law & Order True Crime,2017,16+,7.4,
Aoharu x Machinegun,2015,16+,6.6,
Miz & Mrs,2018,16+,6.3,
Your Worst Nightmare,2014,16+,7,
Outbreak Company,2013,16+,7,
Psychic Detective Yakumo,2010,16+,6.7,
Mythbusters Jr.,2019,7+,6.8,
The Real Housewives of Potomac,2016,16+,4.3,
The Hunt with John Walsh,2014,16+,7.5,
House Hunters Renovation,2012,all,6.4,
"Neon Joe, Werewolf Hunter",2015,16+,7.2,
Filthy Rich,2016,,7.2,
Sanjay and Craig,2013,7+,4.4,
I Love New York,2007,16+,4.5,
Nabari no Ou,2008,16+,6.5,
Mr. D,2012,,6.5,
恋と選挙とチョコレート,2012,18+,7.2,
School of Rock,2016,all,4.3,
Living With Fran,2005,,5.8,
The Loop,2006,16+,7.4,
Uta no Prince-sama,2011,,6.5,
WITS Academy,2015,all,5.7,
The Munsters Today,1988,,5.3,
Holly Hobbie,2018,7+,6.4,
I Am Cait,2015,16+,3.5,86%
Basketball Wives LA,2011,7+,4.2,
The New Detectives,1996,7+,7.6,
Cash Cab,2008,,7.3,
Marrying Millions,2019,,5.7,
To Tell the Truth,2016,,6.4,
Property Virgins,2007,all,6.9,
Negima!,2005,7+,6.1,
Match Game,1973,16+,6,
Gap Year,2017,,7,
Love Connection,2017,,,
Wasted,2016,,7.4,
The Other Guy,2017,18+,6.8,
Snake City,2014,,8.6,
Make It Pop,2015,all,4.9,
Next Great Baker,2010,16+,5.9,
A Little Late with Lilly Singh,2019,16+,1.7,90%
Card Captor Sakura: Clear Card,2018,,7.9,
I Love Jenni,2011,7+,8.1,
Sex Sent Me to the ER,2013,18+,5.4,
Shark Week,1987,16+,8.1,
Tenchi Muyô! GXP,2002,7+,7.1,
Man Up!,2011,7+,6.6,21%
My Dead Ex,2018,,7.1,
Juana la virgen,2002,,5.9,
"Ready, Steady, Wiggle!",2013,all,8.4,
"The $100,000 Pyramid",2016,16+,6.2,
Gordon Ramsay's Home Cooking,2013,,8.5,
Napoleon Dynamite,2012,7+,6.4,25%
Kaleido Star,2003,16+,7.7,
Soul Eater Not!,2014,16+,5.7,
Part of Me,2014,16+,8.6,
Samurai Harem,2009,18+,5.9,
Tarzán,1991,,6,
Blade and Soul,2014,18+,6,
Late Night with Seth Meyers,2014,16+,6.1,
Paradise Run,2016,all,6,
Rock of Love with Bret Michaels,2007,18+,4.8,
Siblings,2014,,7.1,
Safe Harbor,1999,,7.3,83%
Destiny,2014,,9.6,
Alguien Te Mira,2010,7+,7.4,
The Millionaire Matchmaker,2008,7+,4.6,
Gugure! Kokkuri-san,2014,,7.4,
Scorned: Love Kills,2012,16+,6.8,
Sunnyside,2019,,4.9,38%
Bloque de Búsqueda,2016,,7.8,
"Pinky, Elmyra & the Brain",1998,,5.8,
Britain's Best Home Cook,2018,,7.8,
Aquarion,2005,18+,6.6,
Til Death Do Us Part,2019,,6.6,
Children of the Snow,2019,16+,7.3,
Major Lazer,2015,18+,7.5,
The Adventures of Paddington Bear,1997,all,7.1,
Miles from Tomorrowland,2015,all,6.7,
The Killer Speaks,2013,16+,7.4,
Flavor of Love,2006,16+,4.5,
The Tower of Druaga: The Aegis of Uruk,2008,7+,6.8,
Fresh Off the Boat,2012,16+,7.9,
Basilisk,2005,18+,4.6,
Stars Align,2019,16+,7,
American Gladiators,2008,,5.6,
Bridezillas,2004,16+,3.9,
The Chew,2011,7+,5.2,
The History of Comedy,2017,18+,7.8,
Metástasis,2014,16+,2.5,
The Awesomes,2013,16+,7.3,
Cake Wars,2015,all,6.1,
Sheriff Callie's Wild West,2013,all,6.4,
Nutri Ventures – The Quest for the 7 Kingdoms,2013,all,7.3,
Endlings,2020,,4.1,
The Riveras,2016,7+,6.9,
Beat Shazam,2017,16+,6.1,
Wicked Tuna: Outer Banks,2014,16+,6.5,
Fugget About It,2012,18+,5.8,
Side Effects,2013,,7.4,
Property Brothers: Buying and Selling,2012,all,7.1,
The High Fructose Adventures of Annoying Orange,2012,7+,2,
.hack,2002,7+,6.9,18%
Toopy and Binoo,2005,all,6.8,
Guidance,2015,7+,5.7,
The Menendez Murders: Erik Tells All,2017,,7.5,
Chopped Junior,2015,,6.6,
Max Steel,2000,7+,6.2,
"Demon Lord, Retry!",2019,16+,6.6,
Tarzan: The Epic Adventures,1996,,6.6,
Stacked,2005,7+,6,
The Cisco Kid,1950,,7.3,
Special A,2008,16+,7.3,
Beachfront Bargain Hunt,2013,all,6.7,
60 Days In: Narcoland,2019,16+,5.1,
Uncle Grandpa,2013,7+,4.2,
David Copperfield,1966,all,7.3,
Azur Lane,2019,16+,5.7,
Crimes of the Century,2013,,7.2,
The Kennedys,2015,7+,7.2,
Kids Behind Bars: Life or Parole,2019,,6.8,
Spartan: Ultimate Team Challenge,2016,7+,5.7,
VICE Investigates,2019,18+,6.2,
Swiss Family Robinson,1974,7+,7,
Hayate the Combat Butler,2007,,6.9,
Four Weddings,2009,7+,5.4,
Special 7: Special Crime Investigation Unit,2019,,6.3,
Extreme Homes,2012,all,7,
El Mariachi,2014,,8,
What on Earth?,2015,7+,5.8,
The Real Housewives of Miami,2011,16+,2.9,
Fujiko,2015,,9,
Hakumei and Mikochi,2018,16+,7.3,
Coppelion,2013,16+,6.1,
Flavor of Love Girls: Charm School,2007,,5.8,
WWE Main Event,2012,7+,6.5,
Hello Kitty's Furry Tale Theater,1987,all,6.2,
"I Couldn't Become a Hero, So I Reluctantly Decided to Get a Job.",2013,18+,6.4,
Dead Boss,2012,,6.6,
Sydney Sailboat,2015,,7.9,
Veni Vidi Vici,2017,18+,5.9,
Dies Irae,2017,18+,5.4,
1990s: The Deadliest Decade,2018,16+,7.9,
Afterlost,2019,,5.5,
Survival School,2008,,7,
Toddlers & Tiaras,2009,7+,1.8,
The Golden State Killer: It's Not Over,2018,16+,6.9,
"Golan, The Insatiable",2013,16+,6.8,
Kidô senshi Gandamu: The Origin I - Aoi hitomi no kyasubaru,2015,,7.5,
Divorce Court,1999,,4.1,
Hitler's Last Stand,2018,16+,,
Mental Samurai,2019,7+,6.1,
Chio's School Road,2018,,7.3,
The Furchester Hotel,2014,all,6.8,
Stone Quackers,2014,,6.7,
Garo: The Animation,2014,all,6.7,
Mrs. Piggle-Wiggle,1994,all,6.7,
Pinky Dinky Doo,2006,all,6.3,
Sea Rescue,2012,all,8.8,
Nightcap,2016,7+,4.9,
Abandoned,2012,,,
Spoilers,2012,,6.8,
Henry Hugglemonster,2013,all,5.2,
Love Thy Neighbor,2013,7+,4.2,
Love Daily,2018,,6.7,
Mighty Magiswords,2015,7+,4.9,
Hang Ups,2018,,6.3,
Urara Meirocho,2017,16+,7.3,
Mad Mad House,2004,,7.2,
"Ruff-Ruff, Tweet and Dave",2015,all,7.6,
Inside the NFL,1977,7+,6.9,
Girls Beyond the Wasteland,2016,,5.2,
Biography: The Trump Dynasty,2019,16+,6.9,
Special Forces,2012,,9,
Forged in Fire: Knife or Death,2018,,6.1,
All Night,2018,,5.6,
The Return,2013,16+,7.3,
Bajo el Mismo Cielo,2015,16+,7.9,
Chandra Levy: An American Murder Mystery,2017,16+,6.3,
NY-LON,2004,18+,7.5,
Dama y Obrero,2013,,7.7,
Infinite Dendrogram,2020,16+,6.5,
Sorcerous Stabber Orphen,2020,16+,6.5,
Behind the Mask,2013,,7.2,
Breadwinners,2005,7+,2.4,
My Super Sweet 16,2005,7+,1.8,
The Proposal,2018,,1.8,
To Catch a Smuggler,2012,7+,6.8,
Pamela Smart: An American Murder Mystery,2018,16+,6.6,
Murder on the Internet,2017,,7.2,
Zou,2012,,7.1,
Get Ace,2014,all,8.3,
Barefoot Contessa: Back to Basics,2002,all,7.4,
How The Earth Works,2013,,7.2,
BEM,2019,,5.9,
Dead By Dawn,2019,,7,
The Case That Haunts Me,2018,16+,7.5,
Kojak,2005,,5.4,33%
Jamie's Quick & Easy Food,2017,,8.4,
Meet the Press,1947,all,5.5,
Cruel Love,2010,7+,6.6,
Gigantor,1963,7+,6.9,
The Boonies,2016,,7,
Charlie Rose,1991,all,7.5,
Mickey's 90th Spectacular,2018,7+,7,
"Wiggle, Wiggle, Wiggle",2018,all,6.2,
Wives with Knives,2012,16+,6.6,
Big Block SingSong,2012,all,,
Dreamland,2014,,4.7,
Kendra on Top,2012,7+,3.8,
Beach Hunters,2016,,4.6,
The Powerpuff Girls,2016,7+,3.6,
Home Free,2015,all,7,
The Dating Guy,2009,18+,3.4,
Mix: Meisei Story,2019,7+,7.3,
Daisy of Love,2009,16+,4.5,
After School Dice Club,2019,16+,6.5,
The Young Turks,2005,16+,5.5,
Hungry Henry,2014,,9.5,
A3! Season Spring & Summer,2020,16+,5.6,
The Interrogation Room,2018,16+,7.7,
Planet Sheen,2010,7+,3,
Good Morning America,1975,all,4.6,
What Just Happened??! with Fred Savage,2019,16+,4.2,67%
ABC World News,1978,,5.8,
Twisted Sisters,2018,16+,6.4,
Phenoms,2018,7+,7.3,
The Last Days of Phil Hartman,2019,,7.8,
ClassicaLoid,2016,16+,6.4,
Runaways,2012,16+,7.8,
Many Sides of Jane,2019,,5.6,
Cooks vs. Cons,2016,7+,5.2,
Smile at the Runway,2020,16+,7,
Gensomaden Saiyuki,2000,16+,7.4,
Black Market: Dispatches,2016,18+,7.8,
WTF Baron Davis,2019,18+,7.5,
Container Homes,2016,,6.5,
Kourtney & Khloé Take the Hamptons,2014,16+,3.6,
Holiday Magic,2017,,7,
Truth & Iliza,2017,7+,5.3,
Blood Runs Cold,2018,16+,7.3,
Place to Place,2012,7+,6.6,
To LOVEる -とらぶる- ダークネス2nd,2012,16+,7.1,
L.A. Hair,2012,16+,6.2,
My Knight and Me,2016,all,4.4,
205 Live,2016,7+,7.1,
Steve Harvey's Funderdome,2017,7+,7,
Nightwatch Nation,2018,16+,,
Nightline,1980,7+,5.6,
Life of Kylie,2017,16+,3.5,
Showtime at the Apollo,1987,,5.5,
Mother Up!,2013,16+,4.5,
Nostradamus Effect,2009,,5.1,
American Scandals,2015,,8.4,
Eva La Trailera,2017,16+,7.2,
Jim Henson Presents Mother Goose Stories,1990,all,7.8,
American Greed: The Fugitives,2012,,8,
Man Finds Food,2015,7+,7.4,
Ancient Top 10,2016,16+,7.7,
The Great Christmas Light Fight,2013,all,6.3,
Kids Say the Darndest Things,2019,7+,3.1,
The Show Must Go On: The Queen + Adam Lambert Story,2019,,8.5,
Alien Encounters,2012,7+,6.2,
Close Up with The Hollywood Reporter,2015,16+,6.9,
Ellen's Greatest Night of Giveaways,2019,7+,6.3,
Open Door,2019,,6,
Star Wars Galaxy's Edge: Adventure Awaits,2019,,6.3,
Larry King Now,2013,,5.6,
Bloomberg Game Changers,2010,,7.8,
WWE Superstars,2009,7+,5.8,
Ranger Rob,2016,all,6.2,
Psychic Investigators,2006,7+,7.2,
Where is Elisa?,2010,,7.3,
Home Town,2017,,,
Iconic Characters,2018,,7,
Zorro the Chronicles,2015,all,6.9,
New York Goes to Work,2009,,4.9,
Finding Escobar's Millions,2017,16+,3.9,
Cultureshock,2018,16+,6.5,
Outsmarted,2017,,7.9,
The Paynes,2018,,4.5,
Behind Closed Doors,2011,,7.1,
Chloe's Closet,2010,all,6.7,
Natalie Wood: An American Murder Mystery,2018,16+,6.4,
Rin-ne,2015,16+,6.6,
Dead Again,2014,,7.2,
The Untold Story,2019,16+,7.2,
Puppy Bowl,2005,all,,
Woman,2016,18+,7.2,
Los Caballeros Las Prefieren Brutas,2011,,,
The Wildlife Docs,2013,all,8.5,
Dot.,2016,all,6.8,
A Day in the Life,2011,,5.7,
Out There with Jack Randall,2019,,6.9,
Fox News Sunday,1996,,4.3,
Making a Model with Yolanda Hadid,2018,,6.5,
The Burger Show,2018,,7.2,
En La Boca Del Lobo,2014,,,
Terrific Trucks,2016,all,5.6,
Bakers vs. Fakers,2016,all,6.5,
Chiquis N'Control,2012,,7.4,
CNBC Originals,2003,16+,,
LA Story,2014,16+,6.4,
"Tengo Talento, Mucho Talento",2012,,,
Last Call with Carson Daly,2002,16+,2.9,
Vets Saving Pets,2018,,,
The View,1997,16+,2.6,
Tree Fu Tom,2012,all,5.2,
Nerds and Monsters,2014,,5.3,
This Week,1981,7+,5.5,
Deadly Wives,2013,,8.2,
Hot Package,2012,18+,6.6,
RocketJump: The Show,2015,16+,7.2,
Fill in the Prank,2017,,6.2,
Glam Masters,2018,,4.6,
A New Leaf,2019,,3.1,
Spin the Wheel,2019,,4.8,
The Bravest Knight,2019,,5.5,
Born Behind Bars,2017,,8.4,
Bobby Flay's Barbecue Addiction,2011,7+,6.4,
The Family Chantel,2019,,2.9,
Divided States,2018,16+,6,
Malyshariki,2015,,7.1,
Grey's Anatomy: B-Team,2018,,,
Ladylike,2016,,5.9,
Utawarerumono: The False Faces,2015,16+,6.5,
Cold Hearted,2018,16+,6.8,
O.J. Simpson: The Lost Confession?,2018,,6.6,
THE REFLECTION,2017,18+,5.9,
Flophouse,2016,16+,5.2,
Joe and Jack,2012,all,4.9,
America's Cutest,2009,7+,7.2,
Noches con Platanito,2013,,5.4,
"Underworld, Inc.",2015,7+,2.1,
Earth Odyssey with Dylan Dreyer,2019,,6.9,
UFC Unleashed,2007,,7.8,
Rudy Maxas World,2008,all,8,
Egg Birds,2014,,,
Jammers,2011,,,
Crime Inc.,2010,,6.5,
When Sharks Attack,2013,,7,
Chiro and Friends,2007,,7.6,
Doozers,2014,all,6.3,
Tulli,2011,,6.1,
Activate: The Global Citizen Movement,2019,,4.9,
Supernoobs,2015,7+,3.5,
CNBC Titans,2010,all,8.2,
LittleBabyBum,2011,,9,
Four of a Kind,2011,,5.2,
How It Works,2007,all,8,
AwesomenessTV,2013,7+,2.4,
UFC Fight Flashback,2014,,8.8,
WWE En Español,2012,7+,8.1,
Atelier Escha & Logy : Alchemists of the Dusk Sky,2014,16+,5.9,
Tiny Beats,2013,,,
Consumer 101,2018,all,4,
Sneaker Shopping,2014,,7.7,
Dish Nation,2011,7+,4.2,
UFO Conspiracies,2014,,,
The Crowned Goddess,2015,7+,7.2,
Los Cowboys,2015,,8.6,
Counting On,2015,,,
Paint Me a Story,2014,,,
Countdown to UFC,2010,,8.3,
Day of Gluttony,2014,,8.3,
Night Guard,2015,18+,7.7,
El Sexo Débil,2015,,,
Redacted Tonight,2014,,7.7,
Pressure Cook,2007,,7.3,
The Little Rascals Classics,1931,,,
Sean in the Wild,2017,,7.4,
Hot Gay Comics,2008,,4.3,
ABC News Specials,2010,,6,
Fields of Glory,2004,,5.8,
Pasión de Gavilanes,2003,,,
Vegimer,2015,,,
My Lottery Dream Home,2014,,,
Package Deal,2013,,3.2,
El Negocio,2014,,,
The Happy Days of Garry Marshall,2020,,,
HobbyKids Adventures,2019,,3,
Oliver Discovers,2014,,,
Songs & Rhymes,2012,,,
Crafty Rafty,2014,,,
Drain the Oceans,2018,,,
Big Bugs Band,2011,,6,
Savage Kingdom,2016,,,
Zero Punctuation,2014,,,
The Posh Frock Shop,2018,,8.1,
Dinner with Dad,2017,,,
Kenny & Goorie,2011,,,
Kids Halloween Baking Championship,2016,,7,
Los Beltrán,1999,,,
Top 30,2017,,6.2,
Sophie La Girafe,2017,,,
Behind Tasty,2017,,,
Nina's World,2015,,,
TRANsitioning,2017,,,
Pim & Pimba,2011,,,
Page Six TV,2017,7+,4.6,
What's New With Hulu,2019,,,
Impact Wrestling,2006,,,
Ultimate Survival WWII,2019,,,
Amar y Temer,2011,,,
Behind the Bar,2011,,4.4,
Return to Downton Abbey: A Grand Event,2019,,,
Hippa Hey,2011,,,
With All Due Respect,2014,,8.2,
Lost Treasures of Egypt,2019,,,
NASA 360,2008,all,6.8,
10 Essentials,2013,,,
Buried Secrets of WWII,2019,,,
Handcrafted,2017,,,
Lo Que Callamos Las Mujeres,2012,,,
Best of BabyTV,2015,,,
The Alec Baldwin Show,2018,,3.3,
Tricky Tracks,2012,,,
Strahan & Sara,2019,,3.5,
Go Eco,2014,,,
Gold Medal Families,2016,18+,,
Run,2013,,,
Sad Hot Girls,2017,,,
It's Alive with Brad,2018,,,
Grandpa Joe's Magical Playground,2015,,,
Pitch & Potch,2014,,,
Cuddlies,2011,,,
She's Living for This,2012,,5.1,
Walter and Dude,2012,,,
The Making of Frozen: A Return to Arendelle,2016,,6.8,
Utano Princesama Revolutions,2015,,4.1,
Howie Mandel's Animals Doing Things,2018,,3.5,
Draco,2011,,,
ABC Monsters,2010,all,,
Bath & Bed,2011,,,
Taraji and Terrence's White Hot Holidays,2015,,,
31 Nights of Halloween Fan Fest,2019,,,
On the Run Eating,2018,7+,,
Tinder Takeover,2016,,,
Charlie & the Numbers,2011,,,
Gourmet Makes,2018,,,
The Shirley Temple Collection,1960,,,
We Day 2017,2017,,5.5,
Videofashion! News,2006,,5.6,
NASA X,2012,,,
Aurora,2010,,,
48 Hours with Kygo,2019,,,
Maya and Yaya,2014,,,
Billy Bam Bam,2011,,,
Scott Peterson: An American Murder Mystery,2017,,,
Play Time,2008,,,
#ThatsHarassment,2018,,,
South Park en Español,1997,,,
2111,2012,,,
Blissful Thinking,2017,,,
Concertino,2011,,,
Epic Conversations,2016,,,
Grey's Anatomy: Post-Op,2017,,,
Politicking with Larry King,2013,,,
Mr. Snail,2014,,,
Paranormal Lockdown UK,2018,,,
pocket.watch JillianTubeHD Ultimate mishmash,2018,,,
5 Levels,2017,,,
Actually Me,2017,,,
Stand Up to Cancer,2008,,,
Time for Bed with Punam Patel,2017,,,
A Murder on Orchard Street,2017,,,
Stone Age The Legendary Pet,2018,,,
Chickenwatch,2018,,,
Drag Me,2020,,,
ABC News Documentaries,2015,,,
ABC News | Features,2016,,,
Earth From Above,2011,,,
pocket.watch Ryan Toys Review Ultimate mishmash,2018,,,
The Adventures of Dr. Buckeye Bottoms,2017,,,
Kids Try,2016,,,
Going Si-ral,2016,,,
Jenni Rivera La Vida de Una Diva,2013,,,
A Brief History,2016,,,
Bondi Harvest,2018,,,
Laughs,2015,,,
Superstructures: Engineering Marvels,2019,,,
Lie Detector Test,2018,,,
Chief Kim,2017,,,
Stick with Mick,2011,,,
Ryan's World Specials presented by pocket.watch,2019,,,
Around The Way,2019,,,
Andy Explores,2019,,,
Canciones infantiles,2012,,,
Asia's Underworld,2012,,,
Hello World,2016,,,
You Sang My Song,2017,,,
Get Sweaty,2016,,,
Thingstarter,2013,,,
Untamed with Filipe DeAndrade,2017,,,
pocket.watch EvanTubeHD mishmash,2018,,,
Homebuddies,2017,,,
BBQuest,2018,,,
Entre Caníbales,2015,,,
Truth and Lies: Watergate,2017,,,
NASA Television Documentaries,2015,,,
Modern Baby,2019,,,
Wilderness Vet,2016,,,
Flip and Flash,2014,,,
In the Giggle Park,2014,,,
Twitter Tech Support,2017,,,
All the Pizza,2016,,,
Tiny Nuts,2014,,,
Triumph,2016,,,
Coming to the Stage,2003,,,
BabyFirst Nursery Songs,2015,,,
Finding the Next,2016,,,
Limomasters (Espanol),2014,,,
Eating Your Feed,2018,,,
Magnificent Obsessions,2014,,,
Feed Famous,2018,,,
The 76th Annual Golden Globe Awards,2019,,,
Fear Box,2018,,,
Dates (US),2015,,,
Raw. Vegan. Not Gross.,2013,,,
Pop Trigger,2012,,,
Dessert Games,2017,,,
Derek Does Stuff with a Friend,2016,,,
Caption Contest,2017,,,
Tasty 101,2016,,,
ABC Primetime Nightline,2011,,,
Rosaline,2016,,,
Because of an Earlier Incident,2012,,,
Magic Eye Shark Movie,2013,,,
Celebrity Living,2015,,,
Comedy InvAsian,2018,,,
Election Cycle,2016,,,
Back to Back Chef,2017,,,
24 Hours With,2018,,,
Pégate a Mick,2014,,,
Struggle Meals,2017,,,
Talks at GS,2017,,,
ESL: Player vs Player,2017,,,
Luke Gamble's Vet Adventures,2010,,,
UFC Ultimate Knockouts,2014,,,
ABC News | Garage Geniuses,2016,,,
WildWoods,2017,,,
GMA Day,2018,,,
"Build Small, Live Anywhere",2015,,,
Things I Do,2015,,,
Mujeres Rompiendo el Silencio,2018,,,
Wooly,2010,,,
Jeremiah Bullfrog Forks It,2017,,,
Wedding Season,2017,,,
Revolt,2017,,,
Obsessed (WIRED),2017,,,
Tasty's Made By Hand,2018,,,
Tasting Our Roots,2017,,,
UFC Main Event,2007,,,
Heart of a Champion,2016,,,
Working 24 Hours At...,2015,,,
MOJO's The Circuit,2008,,,
Almost Impossible,2017,,,
Mom In Progress,2018,,,
Style Evolution,2018,,,
Popcorn With Peter Travers,2010,,,
The Oscars,1995,,,
Trials of the Wild,2018,,,
Health + Happiness with Mayo Clinic,2018,,,
Heritage,2015,,,
"I Draw, You Cook",2018,,,
Strait Talk with Matt & LZ,2016,,,
Rudy Maxa's Travel,2001,,,
Especiales de Historia de México,2012,,,
For & Against,2012,,,
The Big Vote,2018,,,
Lost in the Supermarket,2016,,,
Gen H,2012,,,
Legendary Catch,2019,,,
Secrets of Your Mind,2010,,,
The Bravest Knight Who Ever Lived,2014,,,
Puertas al Mas Alla,2012,,,
Technique Critique,2016,,,
ESL Bootcamp: Immortals,2017,,,
Red Nose Day,2015,,,
ESL: Replay,2017,,,
The Paley Center,2000,,,
ESL: Defining Moments,2017,,,
pocket.watch HobbyKidsTV mishmash,2018,,,
UFC Presents,2013,,,
Real Estate with Rosanna,2017,,,
Summertime,2016,,,
Ventaneando,2012,,,
WIRED's Autocomplete Interviews,2016,,,
Bioterrorism: The Truth,2016,,,
Out of Office with Brent Rose,2015,,,
"Stop, Breathe & Think Kids: Mindful Games",2017,,,
On Stage,2017,,,
The Champion Within,2017,,,
Food Fetish,2011,,,
A Woman's Job,2017,,,
OUT: Face to Face,2010,,,
Just Josh,2011,,,
On This Day in Black History Month,2019,,,
Bogus Beauty,2017,,,
Crime Shock: Asia Exposed,2013,,,
pocket.watch CaptainSparklez mishmash,2018,,,
Dick Clark's Primetime New Year's Rockin' Eve,2013,,,
Newsy,2016,,,
Modd Couples,2016,,,
Fantasy Forecast,2016,,,
Secret Talent Theatre,2016,,,
pocket.watch Challenge Squad,2018,,,
